word,count
دراسه,48053
بحث,40199
تحليل,16094
نتائج,14721
تهدف,11854
تاثير,11519
فهم,11256
اهميه,11051
ضوء,10203
دور,10014
تركيز,9950
استخدام,9123
اجتماعيه,8708
تعزيز,8453
يهدف,8289
جزائر,7977
مجتمع,7437
لغه,7392
ورقه,7212
اقتصاديه,7132
بشكل,7127
حول,7023
عربيه,7018
علاقه,6971
جزائري,6864
نصوص,6816
قانونيه,6615
منهجيه,6548
تحدي,6324
كيفيه,6161
مجال,6010
مؤسس,5936
منهج,5884
سياق,5663
استكشاف,5658
تحقيق,5469
تطور,5386
قان,5365
نظام,5222
بحثيه,5189
ثقافيه,5084
بيان,4939
تحس,4921
اضافه,4911
تطبيق,4851
تعليم,4847
يتناول,4841
لتحقيق,4690
مستوي,4673
عمليه,4578
